{"timestamp": "2026-04-17T18:49:11.534415", "raw_lux": 98, "raw_noise": -15.882416010715996, "live_lighting_kw": 0.12252527883688323, "live_appliance_kw": 1.5, "live_base_kw": 0.3, "total_live_kw": 1.9225252788368832}