{"timestamp": "2026-04-18T09:52:12.612894", "raw_lux": 22, "raw_noise": -26.36312246032159, "raw_temp": 34.8, "inferred_room_temp": 26.799999999999997, "recommended_setpoint": 24.0, "live_lighting_kw": 0.17916682705930564, "live_appliance_kw": 1.3409219384919602, "live_ac_kw": 0.8759999999999997, "live_base_kw": 0.25, "total_live_kw": 2.6460887655512657}