{"timestamp": "2026-04-18T06:26:34.843559", "raw_lux": 161, "raw_noise": -17.265741514800922, "raw_temp": 32.8, "inferred_room_temp": 24.799999999999997, "recommended_setpoint": 24.0, "live_lighting_kw": 0.08941758531187129, "live_appliance_kw": 1.568356462129977, "live_ac_kw": 0.6359999999999997, "live_base_kw": 0.25, "total_live_kw": 2.5437740474418478}