{"timestamp": "2026-04-18T00:46:14.333471", "raw_lux": 29, "raw_noise": -21.92283918776477, "live_lighting_kw": 0.17300445862214828, "live_appliance_kw": 1.4519290203058808, "live_base_kw": 0.3, "total_live_kw": 1.924933478928029}