{"timestamp": "2026-04-17T18:16:24.556764", "raw_lux": 14, "raw_noise": -19.585142980089472, "live_lighting_kw": 0.07, "live_appliance_kw": 0.5, "live_base_kw": 0.3, "total_live_kw": 0.8700000000000001}