{"timestamp": "2026-04-17T10:28:37.815648", "raw_lux": 0, "raw_noise": -21.47797284879076, "live_lighting_kw": 0.0, "live_appliance_kw": 1.5, "live_base_kw": 0.3, "total_live_kw": 1.8}